address,choice,total_voting_power,vote_weight,total_votes
0x1A1e852f970a231d32271C88162e222A09C1650A,z-Gyroe USDC.e/GYD,29877.229773609175,0.5,14938.614886804588
0x1A1e852f970a231d32271C88162e222A09C1650A,z-Gyroe USDT/GYD,29877.229773609175,0.5,14938.614886804588
