address,choice,total_voting_power,vote_weight,total_votes
0x1341df844780b66AF4ccC98Ae0F34be87eABe1d5,Gyroe USDT/GYD,133.56084386566923,1.0,133.56084386566923
0x1A1e852f970a231d32271C88162e222A09C1650A,Gyroe USDT/GYD,27042.549791051886,1.0,27042.549791051886
0xf6D30d8C6da56837d5FCb5bB0faf8A28fD26D845,Gyroe USDT/GYD,15551.603937146305,1.0,15551.603937146305
0x682C4184286415344a35a0Ff6699bb8EdAbDdc17,Gyroe USDT/GYD,555.9394611776744,1.0,555.9394611776744
